Complexity,Loss,Equation
1,0.142429,"2.8875558"
3,0.015178897,"d + 2.3876803"
5,0.0094130365,"(d * 1.2569067) + 2.2556307"
6,0.007912861,"exp(d * 0.82353234) + 1.3337358"
7,0.007826416,"((soc * -0.2900135) + 2.5320399) + d"
8,0.007671361,"(square(d) + (soc / -3.4098816)) + 2.7013283"
9,0.002379942,"2.25404 - (d * (-3.3477108 / (soc + 2.165235)))"
13,0.001052161,"2.3237023 - ((d * -2.6866481) / ((soc / (d + 0.1703901)) + 1.7937753))"
14,5.8949234e-5,"(C + 1.4349741) + (exp((d * 0.8828686) - (soc * 0.20406175)) - C)"
