Complexity,Loss,Equation
1,0.14242898,"2.8871775"
3,0.015178822,"d + 2.3872743"
5,0.009399622,"(d * 1.2601601) + 2.2576344"
6,0.008003218,"(exp(d) + 2.110027) / 1.3258063"
7,0.00791912,"exp(exp((d - 0.39439926) * 0.41598248))"
8,0.00782517,"((0.7024504 ^ soc) + d) + 1.5445787"
10,0.0003686085,"exp(((d - (soc * 0.23611413)) * 0.44573224) - -0.88106924)"
11,5.6767123e-5,"exp(exp(((d - (soc * 0.23194623)) * 0.41656923) - 0.11677519))"
12,4.3542343e-5,"exp(sqrt(exp((d * 0.6942027) - (soc / 6.222011)))) + -0.28802684"
14,4.1281477e-5,"exp(sqrt(exp(((d * 0.6971419) - (soc / 6.1632895)) - 0.0030460649))) - 0.28454152"
16,4.0763658e-5,"exp(sqrt(exp(((d * 0.70556146) - (soc / 6.0971165)) - 0.005213892)) + -0.015024591) - 0.2411572"
20,3.7795173e-5,"exp(sqrt(exp(((d * 0.68704855) - (soc / (square(square(d * 0.7004034)) + 6.191395))) - -0.009707571))) - 0.30014256"
25,3.718279e-5,"exp(sqrt(exp((d * 0.6924861) - (sqrt(square(soc)) / ((d + 6.1920357) + (cube(d / (soc + d)) - d)))))) - 0.28910327"
26,3.5060406e-5,"exp(sqrt(exp((d * 0.698075) - (square(sqrt(soc)) / (square(((d + -0.7465824) / (5.439514 ^ d)) - -0.050261226) + 6.099414))))) - 0.29064274"
27,3.3968045e-5,"exp(sqrt(exp((d * 0.6942027) - (square(sqrt(soc)) / (((d * d) + ((1.2230521 / square(soc + 1.2230521)) - d)) + 6.2220135))))) - 0.29220733"
28,3.350432e-5,"exp(sqrt(exp((0.6942027 * d) - (square(sqrt(soc)) / ((((d * d) + (1.2230521 / square(soc + sqrt(1.5442667)))) - d) + 6.2220135))))) - 0.29220733"
29,3.14551e-5,"exp(sqrt(exp((d * 0.6942027) - (square(sqrt(soc)) / (((1.2230521 / square(soc + 1.2230521)) - d) + ((d * (d * d)) + 6.2220135)))))) - 0.29220733"
30,3.075651e-5,"exp(sqrt(exp((d * 0.6942027) - (sqrt(square(soc)) / ((d * (d * d)) + (((sqrt(1.7186196) / square(1.2230521 + soc)) - d) + 6.2220135)))))) - 0.29220733"
