run_id,R0,R1,C1,k,s,sdot,C,d,Ue
test1,0.01,0.01,1000,0.01,0.3598751723766327,0.0001,5,30,1
SP,0.01,0.01,1000,0.01,0.37266314,0.0001,5,30,1
test,0.01,0.01,1000,0.01,0.3598751723766327,0.0001,5,30,1
test2,0.01,0.01,1000,0.01,0.3598751723766327,0.0001,5,30,1
test3,0.01,0.01,1000,0.01,0.3598751723766327,0.0001,5,30,1
test4,0.01,0.01,1000,0.01,0.3598751723766327,0.0001,5,30,1
