complexity,loss,equation,score,sympy_format,lambda_format
1,0.142429,2.8875558,0.0,2.88755580000000,PySRFunction(X=>2.88755580000000)
3,0.015178897,d + 2.3876803,1.1194687609990683,d + 2.3876803,PySRFunction(X=>d + 2.3876803)
5,0.0094130365,(d * 1.2569067) + 2.2556307,0.2389052588786571,d*1.2569067 + 2.2556307,PySRFunction(X=>d*1.2569067 + 2.2556307)
6,0.007912861,exp(d * 0.82353234) + 1.3337358,0.1736061797314388,exp(d*0.82353234) + 1.3337358,PySRFunction(X=>exp(d*0.82353234) + 1.3337358)
7,0.007826416,((soc * -0.2900135) + 2.5320399) + d,0.010984731920527124,d + soc*(-0.2900135) + 2.5320399,PySRFunction(X=>d + soc*(-0.2900135) + 2.5320399)
8,0.007671361,(square(d) + (soc / -3.4098816)) + 2.7013283,0.020010634294617382,d**2 + soc/(-3.4098816) + 2.7013283,PySRFunction(X=>d**2 + soc/(-3.4098816) + 2.7013283)
9,0.002379942,2.25404 - (d * (-3.3477108 / (soc + 2.165235))),1.1704179265885077,2.25404 - (-3.3477108)*d/(soc + 2.165235),PySRFunction(X=>2.25404 - (-3.3477108)*d/(soc + 2.165235))
13,0.001052161,2.3237023 - ((d * -2.6866481) / ((soc / (d + 0.1703901)) + 1.7937753)),0.2040574933019073,2.3237023 - (-2.6866481)*d/(soc/(d + 0.1703901) + 1.7937753),PySRFunction(X=>2.3237023 - (-2.6866481)*d/(soc/(d + 0.1703901) + 1.7937753))
14,5.8949234e-05,(C + 1.4349741) + (exp((d * 0.8828686) - (soc * 0.20406175)) - C),2.8819247905768535,-C + C + exp(d*0.8828686 - 0.20406175*soc) + 1.4349741,PySRFunction(X=>-C + C + exp(d*0.8828686 - 0.20406175*soc) + 1.4349741)
