Complexity,Loss,Equation
1,1.0207422,"0.87002766"
2,0.7823736,"exp(C)"
3,0.38232425,"C * 3.0144453"
4,0.36027333,"exp(C) - d"
5,0.1774261,"square(exp(C - d))"
6,0.06653872,"C * exp(1.553489 - d)"
7,0.045897104,"C * square(exp(0.79446024) - d)"
8,0.041858524,"(s + square(d + -2.0789871)) * C"
9,0.010013289,"square(exp(0.7873062 - (d * d))) * C"
10,0.0070047006,"C * square((d * (-0.62188655 - d)) + 2.2420566)"
