Complexity,Loss,Equation
1,1.0207447,"0.87238663"
2,0.7823736,"exp(C)"
3,0.38232076,"C / 0.3307265"
4,0.36027333,"exp(C) - d"
5,0.1774261,"square(exp(C - d))"
6,0.16992079,"square((C - d) + 1.0168774)"
7,0.13844746,"(C + C) * (1.953466 - d)"
8,0.02812969,"(C * 5.3778377) * (0.21761571 ^ d)"
10,0.027882382,"(0.21761571 ^ d) * ((C * 5.3778377) - -0.021443652)"
13,0.008166108,"((C * 1.9284513) * ((0.11380818 ^ d) ^ d)) / 0.3933485"
15,0.008165408,"(((C * 2.1881435) * ((0.11375028 ^ d) ^ d)) / 0.9028009) * 2.0230665"
22,0.007288966,"square(log((((C + C) * 3.4589067) + 1.1544292) + (((d * C) * -7.3747225) - -0.10939154))) - (C * -0.52511936)"
