Complexity,Loss,Equation
1,1.020742,"0.8700918"
2,0.7823736,"exp(C)"
3,0.3824073,"C * 2.996276"
4,0.36027333,"exp(C) - d"
5,0.1774261,"square(exp(C - d))"
6,0.06672405,"exp(1.5648876 - d) * C"
7,0.00871863,"((d - 1.0663124) * -4.874611) * C"
9,0.008394332,"C * ((d * (-3.9152362 - d)) + 5.072627)"
11,0.008266176,"C * (((d * (-4.7713532 - d)) * 0.8571197) + 5.0959506)"
12,0.0066901837,"(((d * -4.0207887) - d) + (5.337325 - cube(s))) * C"
14,0.006669735,"C * ((((d * -4.096766) - d) - (s * square(s))) + 5.344934)"
18,0.0057516997,"((((((d * -4.0668216) - d) + 5.067518) - (C * -0.30150133)) - cube(s)) * C) + 0.052436337"
