Complexity,Loss,Equation
1,1.0207504,"0.8736119"
2,0.7823736,"exp(C)"
3,0.38233283,"C * 3.0107863"
4,0.36027333,"exp(C) - d"
5,0.24479139,"C * (3.432771 - d)"
6,0.045688044,"square(2.2117279 - d) * C"
7,0.009804656,"cube(1.6859791 - square(d)) * C"
9,0.009804652,"C * cube((1.8704414 - square(d)) + -0.18446237)"
11,0.009621891,"(C * cube(-0.18446237 + (1.8704414 - square(d)))) + 0.008575433"
12,0.0076221507,"square(exp((0.8511725 - d) * exp(d))) * (C / 1.0987815)"
13,0.0070227627,"((cube(square(d - 1.0627482) + -1.5249742) - d) + 5.0826907) * C"
16,0.0069252993,"((cube(square(d - 1.0627482) + -1.5249742) - d) + 5.0826907) * (C ^ 1.0106064)"
18,0.0069227153,"((cube((square(d - 1.0614868) + -0.16123776) - 1.3642596) + 5.089965) - d) * (C ^ 1.0115081)"
22,0.005761531,"square(exp((1.0122036 - d) - square((1.3369912 - d) - square(exp((0.33613986 / (soc + 0.78686607)) / -3.8982036))))) * C"
