Complexity,Loss,Equation
1,0.14242895,"2.8873708"
3,0.01517881,"d - -2.3873804"
5,0.009398744,"(d * 1.2627631) - -2.256218"
6,0.007939585,"exp(d * 0.82162154) + 1.3417816"
7,0.007939584,"(exp(d) ^ 0.82162213) + 1.3417811"
10,0.007931134,"sqrt((exp(1.7023816 ^ d) - 0.7706817) * 2.779489)"
11,0.0025527512,"exp(sqrt((d + 0.73466474) + ((soc * -0.47107863) / 2.1108515)))"
14,0.00037504677,"(((0.60109824 ^ soc) ^ 0.5673625) + (2.0324256 ^ d)) / 0.8043706"
