complexity,loss,equation,score,sympy_format,lambda_format
1,1.0071614,C,0.0,C,PySRFunction(X=>C)
2,0.7823736,exp(C),0.252558782108998,exp(C),PySRFunction(X=>exp(C))
3,0.3823283,C * 3.0125017,0.7160527122231103,C*3.0125017,PySRFunction(X=>C*3.0125017)
4,0.36027333,exp(C) - d,0.05941667023123967,-d + exp(C),PySRFunction(X=>-d + exp(C))
5,0.1774261,square(exp(C - d)),0.7083088091711225,exp(2*C - 2*d),PySRFunction(X=>exp(2*C - 2*d))
7,0.047573227,C * square(exp(0.87589073 - d)),0.6581420195896049,C*(5.76486340731651*exp(-2*d)),PySRFunction(X=>C*(5.76486340731651*exp(-2*d)))
8,0.0100577865,C * square(exp(0.7885936 - square(d))),1.5539230343749446,C*(4.84131897936297*exp(-2*d**2)),PySRFunction(X=>C*(4.84131897936297*exp(-2*d**2)))
15,0.0073378547,(((0.5944481 + square(exp(exp(-0.17181414 - square(d))))) - d) * C) - C,0.04504294084843779,C*(-d + exp(2*(0.842135677961165*exp(-d**2))) + 0.5944481) - C,PySRFunction(X=>C*(-d + exp(2*(0.842135677961165*exp(-d**2))) + 0.5944481) - C)
17,0.0070095025,sqrt(square(C * ((square(exp(exp(-0.17471737 - square(d)))) - d) + -0.45505884))) - -0.029139478,0.022889898108066353,sqrt(C**2*(-d + exp(1.67938862007588*exp(-d**2)) - 0.45505884)**2) + 0.029139478,PySRFunction(X=>sqrt(C**2*(-d + exp(1.67938862007588*exp(-d**2)) - 0.45505884)**2) + 0.029139478)
